,#,"Country,Other",TotalCases,NewCases,TotalDeaths,NewDeaths,TotalRecovered,NewRecovered,ActiveCases,"Serious,Critical",Tot Cases/1M pop,Deaths/1M pop,TotalTests,Tests/ 1M pop,Population,1 Caseevery X ppl,1 Deathevery X ppl,1 Testevery X ppl
0,,World,11283501,"+100,925",530918.0,"+2,509",6392037.0,"+99,514",4360546.0,58820.0,1448.0,68.1,,,,,,
1,1.0,USA,2912169,"+21,581",132196.0,+95,1237836.0,"+2,348",1542137.0,15928.0,8798.0,399.0,36361917.0,109849.0,331018157.0,114.0,2504.0,9.0
2,2.0,Brazil,1550176,"+6,835",63409.0,+155,978615.0,"+32,700",508152.0,8318.0,7293.0,298.0,3330562.0,15668.0,212570544.0,137.0,3352.0,64.0
3,3.0,Russia,674515,"+6,632",10027.0,+168,446879.0,"+8,986",217609.0,2300.0,4622.0,69.0,20451110.0,140138.0,145935130.0,216.0,14554.0,7.0
4,4.0,India,672644,"+22,755",19279.0,+610,408625.0,"+14,306",244740.0,8944.0,487.0,14.0,9540132.0,6913.0,1380085626.0,2052.0,71585.0,145.0
5,5.0,Spain,297625,,28385.0,,,,,617.0,6366.0,607.0,5448984.0,116543.0,46754972.0,157.0,1647.0,9.0
6,6.0,Peru,295599,,10226.0,,185852.0,,99521.0,1210.0,8965.0,310.0,1740969.0,52799.0,32973640.0,112.0,3224.0,19.0
7,7.0,Chile,288089,,6051.0,,253343.0,,28695.0,2099.0,15070.0,317.0,1146593.0,59977.0,19117287.0,66.0,3159.0,17.0
8,8.0,UK,284900,+624,44198.0,+67,,,,279.0,4197.0,651.0,10340511.0,152315.0,67888969.0,238.0,1536.0,7.0
9,9.0,Mexico,245251,"+6,740",29843.0,+654,147205.0,"+4,612",68203.0,378.0,1902.0,231.0,624987.0,4847.0,128940399.0,526.0,4321.0,206.0
10,10.0,Italy,241419,+235,34854.0,+21,191944.0,+477,14621.0,71.0,3993.0,576.0,5600826.0,92636.0,60460794.0,250.0,1735.0,11.0
11,11.0,Iran,237878,"+2,449",11408.0,+148,198949.0,"+2,503",27521.0,3136.0,2832.0,136.0,1744958.0,20774.0,83997756.0,353.0,7363.0,48.0
12,12.0,Pakistan,225283,"+3,387",4619.0,+68,125094.0,"+11,471",95570.0,2460.0,1020.0,21.0,1372825.0,6215.0,220896749.0,981.0,47824.0,161.0
13,13.0,Saudi Arabia,205929,"+4,128",1858.0,+56,143256.0,"+2,642",60815.0,2295.0,5915.0,53.0,1823763.0,52384.0,34815518.0,169.0,18738.0,19.0
14,14.0,Turkey,203456,,5186.0,,178278.0,,19992.0,1082.0,2412.0,61.0,3535818.0,41921.0,84344072.0,415.0,16264.0,24.0
15,15.0,Germany,197250,+250,9074.0,+1,181300.0,+300,6876.0,318.0,2354.0,108.0,5873563.0,70102.0,83786438.0,425.0,9234.0,14.0
16,16.0,South Africa,177124,,2952.0,,86298.0,,87874.0,539.0,2986.0,50.0,1745153.0,29423.0,59312107.0,335.0,20092.0,34.0
17,17.0,France,166960,,29893.0,,77060.0,,60007.0,560.0,2558.0,458.0,1384633.0,21212.0,65274927.0,391.0,2184.0,47.0
18,18.0,Bangladesh,159679,"+3,288",1997.0,+29,70721.0,"+2,673",86961.0,1.0,970.0,12.0,835074.0,5070.0,164699098.0,1031.0,82473.0,197.0
19,19.0,Colombia,109505,,3777.0,,45334.0,,60394.0,335.0,2152.0,74.0,818703.0,16089.0,50885910.0,465.0,13473.0,62.0
20,20.0,Canada,105211,+120,8668.0,+5,68868.0,+175,27675.0,2118.0,2787.0,230.0,2885746.0,76455.0,37744314.0,359.0,4354.0,13.0
21,21.0,Qatar,99183,+530,123.0,+2,90387.0,"+1,804",8673.0,176.0,35324.0,44.0,376881.0,134226.0,2807805.0,28.0,22828.0,7.0
22,22.0,Argentina,72786,,1453.0,+16,25930.0,+706,45403.0,620.0,1610.0,32.0,390382.0,8637.0,45198395.0,621.0,31107.0,116.0
23,23.0,Egypt,72711,,3201.0,,19690.0,,49820.0,41.0,711.0,31.0,135000.0,1319.0,102336953.0,1407.0,31970.0,758.0
24,24.0,Sweden,71419,,5420.0,,,,,124.0,7071.0,537.0,519113.0,51399.0,10099756.0,141.0,1863.0,19.0
25,25.0,Belarus,63270,+273,418.0,+6,50669.0,+760,12183.0,89.0,6696.0,44.0,1059299.0,112104.0,9449289.0,149.0,22606.0,9.0
26,26.0,Indonesia,62142,"+1,447",3089.0,+53,28219.0,+651,30834.0,,227.0,11.0,894428.0,3270.0,273539841.0,4402.0,88553.0,306.0
27,27.0,Belgium,61838,+111,9771.0,+6,17091.0,+18,34976.0,32.0,5335.0,843.0,1284605.0,110837.0,11590064.0,187.0,1186.0,9.0
28,28.0,Ecuador,60657,,4700.0,,28391.0,,27566.0,288.0,3438.0,266.0,158730.0,8996.0,17643922.0,291.0,3754.0,111.0
29,29.0,Iraq,58354,"+2,334",2368.0,+106,31077.0,"+1,477",24909.0,333.0,1451.0,59.0,589377.0,14653.0,40221975.0,689.0,16986.0,68.0
30,30.0,UAE,50857,+716,321.0,+3,39857.0,+704,10679.0,1.0,5142.0,32.0,3500000.0,353858.0,9890980.0,194.0,30813.0,3.0
31,31.0,Netherlands,50335,,6113.0,,,,,28.0,2938.0,357.0,616376.0,35971.0,17135244.0,340.0,2803.0,28.0
32,32.0,Kuwait,49303,+631,365.0,+5,39943.0,+667,8995.0,144.0,11544.0,85.0,399498.0,93542.0,4270789.0,87.0,11701.0,11.0
33,33.0,Ukraine,47677,+914,1227.0,+15,21115.0,+557,25335.0,102.0,1090.0,28.0,705836.0,16141.0,43730137.0,917.0,35640.0,62.0
34,34.0,Kazakhstan,45719,"+1,644",188.0,,26750.0,+499,18781.0,121.0,2435.0,10.0,1590144.0,84682.0,18777808.0,411.0,99882.0,12.0
35,35.0,Oman,45106,"+1,177",203.0,+10,26968.0,+799,17935.0,116.0,8833.0,40.0,202837.0,39723.0,5106343.0,113.0,25154.0,25.0
36,36.0,Singapore,44664,+185,26.0,,40117.0,+348,4521.0,2.0,7634.0,4.0,757746.0,129515.0,5850663.0,131.0,225026.0,8.0
37,37.0,Portugal,43569,+413,1605.0,+7,28772.0,+348,13192.0,73.0,4273.0,157.0,1205593.0,118238.0,10196343.0,234.0,6353.0,8.0
38,38.0,Philippines,41830,"+1,494",1290.0,+10,11453.0,+380,29087.0,166.0,382.0,12.0,798476.0,7286.0,109587217.0,2620.0,84951.0,137.0
39,39.0,Bolivia,36818,"+1,290",1320.0,+49,10766.0,+408,24732.0,71.0,3154.0,113.0,81786.0,7006.0,11673664.0,317.0,8844.0,143.0
40,40.0,Dominican Republic,36184,"+1,036",786.0,+11,18602.0,+210,16796.0,193.0,3335.0,72.0,163727.0,15092.0,10848551.0,300.0,13802.0,66.0
41,41.0,Panama,35995,,698.0,,16945.0,,18352.0,146.0,8342.0,162.0,138081.0,32000.0,4314967.0,120.0,6182.0,31.0
42,42.0,Poland,35719,+314,1512.0,+5,23127.0,+476,11080.0,74.0,944.0,40.0,1620160.0,42809.0,37846137.0,1060.0,25031.0,23.0
43,43.0,Afghanistan,32672,+348,826.0,+7,19164.0,"+1,833",12682.0,29.0,839.0,21.0,75155.0,1931.0,38927805.0,1191.0,47128.0,518.0
44,44.0,Switzerland,32198,+97,1965.0,,29200.0,,1033.0,15.0,3720.0,227.0,624396.0,72142.0,8655082.0,269.0,4405.0,14.0
45,45.0,Romania,28582,+416,1731.0,+23,19854.0,+309,6997.0,223.0,1486.0,90.0,759037.0,39459.0,19235880.0,673.0,11113.0,25.0
46,46.0,Bahrain,28410,,95.0,,23318.0,,4997.0,48.0,16701.0,56.0,584070.0,343340.0,1701143.0,60.0,17907.0,3.0
47,47.0,Israel,28055,,326.0,,17669.0,,10060.0,77.0,3050.0,35.0,1024298.0,111366.0,9197590.0,328.0,28213.0,9.0
48,48.0,Armenia,27900,+580,477.0,+8,15935.0,+451,11488.0,10.0,9415.0,161.0,120245.0,40578.0,2963298.0,106.0,6212.0,25.0
49,49.0,Nigeria,27564,,628.0,,11069.0,,15867.0,7.0,134.0,3.0,144833.0,703.0,206130241.0,7478.0,328233.0,1423.0
50,50.0,Ireland,25509,+11,1741.0,+1,23364.0,,404.0,12.0,5166.0,353.0,454216.0,91982.0,4938079.0,194.0,2836.0,11.0
51,51.0,Honduras,22116,+996,605.0,+14,2250.0,+60,19261.0,58.0,2233.0,61.0,49308.0,4978.0,9905059.0,448.0,16372.0,201.0
52,52.0,Guatemala,21293,,880.0,,3315.0,,17098.0,5.0,1188.0,49.0,64590.0,3605.0,17916069.0,841.0,20359.0,277.0
53,53.0,Azerbaijan,19801,+534,241.0,+6,11291.0,+471,8269.0,66.0,1953.0,24.0,509811.0,50278.0,10139762.0,512.0,42074.0,20.0
54,54.0,Ghana,19388,,117.0,,14330.0,,4941.0,6.0,624.0,4.0,300520.0,9671.0,31073108.0,1603.0,265582.0,103.0
55,55.0,Japan,19068,,976.0,,16866.0,,1226.0,33.0,151.0,8.0,481877.0,3810.0,126471668.0,6633.0,129582.0,262.0
56,56.0,Austria,18165,+115,705.0,,16607.0,+49,853.0,8.0,2017.0,78.0,642679.0,71355.0,9006813.0,496.0,12776.0,14.0
57,57.0,Moldova,17672,+227,580.0,+8,10396.0,+303,6696.0,438.0,4381.0,144.0,101180.0,25083.0,4033850.0,228.0,6955.0,40.0
58,58.0,Serbia,15829,+325,306.0,+8,13064.0,,2459.0,86.0,1812.0,35.0,434415.0,49722.0,8736919.0,552.0,28552.0,20.0
59,59.0,Algeria,15500,+430,946.0,+9,11181.0,+349,3373.0,56.0,353.0,22.0,,,43852424.0,2829.0,46356.0,
60,60.0,Nepal,15491,+232,34.0,+2,6415.0,+272,9042.0,,532.0,1.0,547876.0,18803.0,29137741.0,1881.0,856992.0,53.0
61,61.0,Morocco,13434,+146,232.0,+2,9214.0,+54,3988.0,7.0,364.0,6.0,739923.0,20045.0,36912729.0,2748.0,159107.0,50.0
62,62.0,S. Korea,13030,+63,283.0,+1,11811.0,+52,936.0,15.0,254.0,6.0,1319523.0,25737.0,51269647.0,3935.0,181165.0,39.0
63,63.0,Denmark,12832,,606.0,,11817.0,,409.0,6.0,2215.0,105.0,1106377.0,191005.0,5792389.0,451.0,9558.0,5.0
64,64.0,Cameroon,12592,,313.0,,10100.0,,2179.0,52.0,474.0,12.0,,,26544616.0,2108.0,84807.0,
65,65.0,Czechia,12372,+53,353.0,,7851.0,+3,4168.0,12.0,1155.0,33.0,565122.0,52770.0,10709179.0,866.0,30338.0,19.0
66,66.0,Ivory Coast,10244,,70.0,,4726.0,,5448.0,,388.0,3.0,60652.0,2299.0,26377087.0,2575.0,376816.0,435.0
67,67.0,Sudan,9663,,604.0,,4624.0,,4435.0,,220.0,14.0,401.0,9.0,43848176.0,4538.0,72596.0,109347.0
68,68.0,Uzbekistan,9611,+215,31.0,+2,6306.0,+55,3274.0,24.0,287.0,0.9,1121236.0,33499.0,33470949.0,3483.0,1079708.0,30.0
69,69.0,Norway,8926,+5,251.0,,8138.0,,537.0,3.0,1646.0,46.0,348208.0,64227.0,5421538.0,607.0,21600.0,16.0
70,70.0,Malaysia,8658,+10,121.0,,8461.0,+15,76.0,2.0,267.0,4.0,797796.0,24648.0,32367850.0,3738.0,267503.0,41.0
71,71.0,Australia,8362,+107,104.0,,7355.0,+36,903.0,4.0,328.0,4.0,2667064.0,104585.0,25501388.0,3050.0,245206.0,10.0
72,72.0,Kenya,7577,+389,159.0,+5,2236.0,+88,5182.0,29.0,141.0,3.0,185035.0,3441.0,53770877.0,7097.0,338182.0,291.0
73,73.0,El Salvador,7507,+240,210.0,+8,4434.0,+166,2863.0,215.0,1157.0,32.0,172455.0,26587.0,6486480.0,864.0,30888.0,38.0
74,74.0,DRC,7379,+68,182.0,+3,2961.0,+277,4236.0,,82.0,2.0,,,89548102.0,12136.0,492023.0,
75,75.0,Senegal,7272,+108,129.0,+4,4713.0,+47,2430.0,38.0,434.0,8.0,82857.0,4949.0,16742747.0,2302.0,129789.0,202.0
76,76.0,Finland,7248,+6,329.0,,6700.0,,219.0,,1308.0,59.0,251600.0,45409.0,5540807.0,764.0,16841.0,22.0
77,77.0,Kyrgyzstan,7094,+327,78.0,+2,2714.0,+59,4302.0,24.0,1087.0,12.0,228857.0,35077.0,6524470.0,920.0,83647.0,29.0
78,78.0,North Macedonia,6932,+145,334.0,+6,2987.0,+111,3611.0,55.0,3327.0,160.0,64837.0,31121.0,2083373.0,301.0,6238.0,32.0
79,79.0,Venezuela,6537,,59.0,,2100.0,,4378.0,11.0,230.0,2.0,1297586.0,45633.0,28434951.0,4350.0,481948.0,22.0
80,80.0,Haiti,6230,+129,110.0,,1286.0,+145,4834.0,,546.0,10.0,12435.0,1090.0,11403193.0,1830.0,103665.0,917.0
81,81.0,Tajikistan,6058,,52.0,,4690.0,,1316.0,,635.0,5.0,,,9537520.0,1574.0,183414.0,
82,82.0,Ethiopia,5846,,103.0,,2430.0,,3313.0,35.0,51.0,0.9,250604.0,2180.0,114958401.0,19664.0,1116101.0,459.0
83,83.0,Gabon,5620,,44.0,,2555.0,,3021.0,10.0,2525.0,20.0,39668.0,17823.0,2225671.0,396.0,50583.0,56.0
84,84.0,Guinea,5521,,33.0,,4446.0,,1042.0,24.0,420.0,3.0,14407.0,1097.0,13131693.0,2378.0,397930.0,911.0
85,85.0,Bulgaria,5497,,239.0,,2892.0,,2366.0,29.0,791.0,34.0,150062.0,21599.0,6947685.0,1264.0,29070.0,46.0
86,86.0,Bosnia and Herzegovina,4962,,191.0,,2550.0,,2221.0,4.0,1513.0,58.0,97736.0,29793.0,3280535.0,661.0,17176.0,34.0
87,87.0,Djibouti,4736,,55.0,,4580.0,,101.0,,4793.0,56.0,47491.0,48065.0,988051.0,209.0,17965.0,21.0
88,88.0,Mauritania,4705,,129.0,,1765.0,,2811.0,21.0,1012.0,28.0,13842.0,2977.0,4649335.0,988.0,36041.0,336.0
89,89.0,French Guiana,4558,,16.0,,1777.0,,2765.0,26.0,15261.0,54.0,8707.0,29153.0,298663.0,66.0,18666.0,34.0
90,90.0,Luxembourg,4476,+29,110.0,,4016.0,,350.0,3.0,7150.0,176.0,219471.0,350590.0,626005.0,140.0,5691.0,3.0
91,91.0,Costa Rica,4311,,18.0,,1657.0,,2636.0,10.0,846.0,4.0,44917.0,8817.0,5094413.0,1182.0,283023.0,113.0
92,92.0,Hungary,4174,+2,589.0,+1,2784.0,+32,801.0,8.0,432.0,61.0,281628.0,29154.0,9660054.0,2314.0,16401.0,34.0
93,93.0,CAR,3918,,48.0,,859.0,,3011.0,859.0,811.0,10.0,25031.0,5182.0,4829943.0,1233.0,100624.0,193.0
94,94.0,Palestine,3599,+265,12.0,+1,463.0,,3124.0,,706.0,2.0,84621.0,16588.0,5101295.0,1417.0,425108.0,60.0
95,95.0,Greece,3511,+25,192.0,,1374.0,,1945.0,11.0,337.0,18.0,331703.0,31826.0,10422379.0,2968.0,54283.0,31.0
96,96.0,Thailand,3185,+5,58.0,,3066.0,,61.0,1.0,46.0,0.8,603657.0,8648.0,69801669.0,21916.0,1203477.0,116.0
97,97.0,Croatia,3094,+86,113.0,+1,2183.0,+15,798.0,3.0,754.0,28.0,84166.0,20504.0,4104916.0,1327.0,36327.0,49.0
98,98.0,Equatorial Guinea,3071,,51.0,,842.0,,2178.0,,2189.0,36.0,16000.0,11407.0,1402697.0,457.0,27504.0,88.0
99,99.0,Somalia,2944,,90.0,,951.0,,1903.0,2.0,185.0,6.0,,,15891663.0,5398.0,176574.0,
100,100.0,Albania,2819,+67,74.0,+2,1637.0,+45,1108.0,8.0,980.0,26.0,24601.0,8549.0,2877761.0,1021.0,38889.0,117.0
101,101.0,Madagascar,2728,+216,29.0,+3,1078.0,+21,1621.0,31.0,99.0,1.0,23244.0,839.0,27689361.0,10150.0,954806.0,1191.0
102,102.0,Mayotte,2661,,35.0,,2375.0,,251.0,3.0,9754.0,128.0,8800.0,32257.0,272805.0,103.0,7794.0,31.0
103,103.0,Nicaragua,2519,,83.0,,1238.0,,1198.0,,380.0,13.0,,,6624943.0,2630.0,79819.0,
104,104.0,Maldives,2410,,10.0,,1976.0,,424.0,12.0,4458.0,18.0,53867.0,99650.0,540563.0,224.0,54056.0,10.0
105,105.0,Cuba,2369,+8,86.0,,2227.0,+3,56.0,2.0,209.0,8.0,180697.0,15953.0,11326539.0,4781.0,131704.0,63.0
106,106.0,Paraguay,2349,,19.0,,1113.0,,1217.0,4.0,329.0,3.0,74088.0,10387.0,7132953.0,3037.0,375419.0,96.0
107,107.0,Mali,2285,,117.0,,1507.0,,661.0,,113.0,6.0,12807.0,632.0,20248495.0,8861.0,173064.0,1581.0
108,108.0,Sri Lanka,2074,+5,11.0,,1885.0,+22,178.0,1.0,97.0,0.5,110505.0,5160.0,21414041.0,10325.0,1946731.0,194.0
109,109.0,South Sudan,2021,,38.0,,333.0,,1650.0,,181.0,3.0,10824.0,967.0,11194384.0,5539.0,294589.0,1034.0
110,110.0,Estonia,1993,+2,69.0,,1870.0,+11,54.0,2.0,1502.0,52.0,108801.0,82018.0,1326544.0,666.0,19225.0,12.0
111,111.0,Lebanon,1855,+25,35.0,,1304.0,+12,516.0,5.0,272.0,5.0,144418.0,21160.0,6825046.0,3679.0,195001.0,47.0
112,112.0,Iceland,1855,,10.0,,1832.0,,13.0,,5436.0,29.0,74424.0,218086.0,341260.0,184.0,34126.0,5.0
113,113.0,Lithuania,1831,+3,79.0,,1545.0,+6,207.0,15.0,673.0,29.0,440453.0,161835.0,2721623.0,1486.0,34451.0,6.0
114,114.0,Guinea-Bissau,1765,,25.0,,676.0,,1064.0,5.0,897.0,13.0,1500.0,762.0,1967945.0,1115.0,78718.0,1312.0
115,115.0,Slovakia,1749,+29,28.0,,1466.0,,255.0,3.0,320.0,5.0,217538.0,39845.0,5459670.0,3122.0,194988.0,25.0
116,116.0,Slovenia,1679,+29,111.0,,1384.0,,184.0,,808.0,53.0,105652.0,50820.0,2078941.0,1238.0,18729.0,20.0
117,117.0,Zambia,1632,,30.0,,1348.0,,254.0,1.0,89.0,2.0,56825.0,3091.0,18382115.0,11264.0,612737.0,323.0
118,118.0,Congo,1557,,44.0,,501.0,,1012.0,,282.0,8.0,,,5517851.0,3544.0,125406.0,
119,119.0,Sierra Leone,1533,+9,62.0,,1051.0,+9,420.0,,192.0,8.0,,,7977071.0,5204.0,128662.0,
120,120.0,New Zealand,1530,,22.0,,1490.0,,18.0,1.0,306.0,4.0,411932.0,82352.0,5002100.0,3269.0,227368.0,12.0
121,121.0,Malawi,1498,,16.0,,317.0,,1165.0,4.0,78.0,0.8,15724.0,822.0,19128766.0,12770.0,1195548.0,1217.0
122,122.0,Cabo Verde,1382,,15.0,,629.0,,738.0,,2486.0,27.0,39257.0,70604.0,556020.0,402.0,37068.0,14.0
123,123.0,Hong Kong,1259,+11,7.0,,1145.0,+20,107.0,1.0,168.0,0.9,347400.0,46336.0,7497398.0,5955.0,1071057.0,22.0
124,124.0,Yemen,1240,,335.0,,536.0,,369.0,,42.0,11.0,120.0,4.0,29825732.0,24053.0,89032.0,248548.0
125,125.0,Benin,1199,,21.0,,333.0,,845.0,1.0,99.0,2.0,56613.0,4670.0,12122378.0,10110.0,577256.0,214.0
126,126.0,Tunisia,1186,+5,50.0,,1046.0,+1,90.0,,100.0,4.0,71689.0,6065.0,11819320.0,9966.0,236386.0,165.0
127,127.0,Jordan,1150,+3,10.0,,903.0,+6,237.0,3.0,113.0,1.0,415385.0,40709.0,10203736.0,8873.0,1020374.0,25.0
128,128.0,Latvia,1123,+1,30.0,,1000.0,+3,93.0,1.0,595.0,16.0,156784.0,83137.0,1885860.0,1679.0,62862.0,12.0
129,129.0,Niger,1082,,68.0,,963.0,,51.0,,45.0,3.0,6547.0,271.0,24199536.0,22366.0,355876.0,3696.0
130,130.0,Rwanda,1081,,3.0,,512.0,,566.0,,83.0,0.2,153857.0,11879.0,12951630.0,11981.0,4317210.0,84.0
131,131.0,Cyprus,999,,19.0,,839.0,,141.0,,827.0,16.0,161800.0,134004.0,1207423.0,1209.0,63549.0,7.0
132,132.0,Burkina Faso,980,,53.0,,852.0,,75.0,,47.0,3.0,,,20901407.0,21328.0,394366.0,
133,133.0,Mozambique,969,+30,7.0,+1,256.0,+7,706.0,,31.0,0.2,32498.0,1040.0,31252301.0,32252.0,4464614.0,962.0
134,134.0,Eswatini,954,+45,13.0,,535.0,+20,406.0,5.0,822.0,11.0,11872.0,10232.0,1160233.0,1216.0,89249.0,98.0
135,135.0,Uruguay,952,,28.0,,837.0,,87.0,1.0,274.0,8.0,69570.0,20027.0,3473841.0,3649.0,124066.0,50.0
136,136.0,Georgia,948,+5,15.0,,825.0,+4,108.0,5.0,238.0,4.0,120336.0,30166.0,3989076.0,4208.0,265938.0,33.0
137,137.0,Uganda,927,+16,,,868.0,+19,59.0,,20.0,,205312.0,4489.0,45733011.0,49334.0,,223.0
138,138.0,Libya,918,,27.0,,230.0,,661.0,,134.0,4.0,29175.0,4246.0,6871671.0,7485.0,254506.0,236.0
139,139.0,Chad,871,,74.0,,786.0,,11.0,,53.0,5.0,,,16424003.0,18856.0,221946.0,
140,140.0,Liberia,869,+36,37.0,,369.0,+23,463.0,,172.0,7.0,,,5057545.0,5820.0,136690.0,
141,141.0,Andorra,855,,52.0,,800.0,,3.0,,11066.0,673.0,3750.0,48534.0,77266.0,90.0,1486.0,21.0
142,142.0,Jamaica,721,+6,10.0,,565.0,+5,146.0,,243.0,3.0,25750.0,8696.0,2961280.0,4107.0,296128.0,115.0
143,143.0,Montenegro,720,+57,13.0,,315.0,,392.0,,1146.0,21.0,13820.0,22004.0,628067.0,872.0,48313.0,45.0
144,144.0,Sao Tome and Principe,719,,13.0,,267.0,,439.0,,3281.0,59.0,1833.0,8364.0,219165.0,305.0,16859.0,120.0
145,145.0,Diamond Princess,712,,13.0,,651.0,,48.0,4.0,,,,,,,,
146,146.0,San Marino,698,,42.0,,656.0,,0.0,,20571.0,1238.0,5729.0,168838.0,33932.0,49.0,808.0,6.0
147,147.0,Malta,672,,9.0,,650.0,,13.0,,1522.0,20.0,99126.0,224493.0,441554.0,657.0,49062.0,4.0
148,148.0,Togo,671,,14.0,,424.0,,233.0,2.0,81.0,2.0,32267.0,3898.0,8278509.0,12338.0,591322.0,257.0
149,149.0,Zimbabwe,625,,7.0,,176.0,,442.0,,42.0,0.5,75485.0,5078.0,14863695.0,23782.0,2123385.0,197.0
150,150.0,Channel Islands,571,,47.0,,512.0,,12.0,,3284.0,270.0,21388.0,123009.0,173873.0,305.0,3699.0,8.0
151,151.0,Suriname,561,,13.0,,267.0,,281.0,7.0,956.0,22.0,1244.0,2120.0,586666.0,1046.0,45128.0,472.0
152,152.0,Réunion,533,,2.0,,472.0,,59.0,3.0,595.0,2.0,35419.0,39558.0,895359.0,1680.0,447680.0,25.0
153,153.0,Tanzania,509,,21.0,,183.0,,305.0,7.0,9.0,0.4,,,59727695.0,117343.0,2844176.0,
154,154.0,Taiwan,449,,7.0,,438.0,,4.0,,19.0,0.3,77157.0,3240.0,23817206.0,53045.0,3402458.0,309.0
155,155.0,Namibia,375,+25,,,25.0,,350.0,1.0,148.0,,10682.0,4204.0,2540984.0,6776.0,,238.0
156,156.0,Vietnam,355,,,,340.0,,15.0,1.0,4.0,,275000.0,2825.0,97344194.0,274209.0,,354.0
157,157.0,Mauritius,341,,10.0,,330.0,,1.0,,268.0,8.0,186845.0,146915.0,1271789.0,3730.0,127179.0,7.0
158,158.0,Syria,338,+10,10.0,,123.0,,205.0,,19.0,0.6,,,17499993.0,51775.0,1749999.0,
159,159.0,Isle of Man,336,,24.0,,312.0,,0.0,,3951.0,282.0,6558.0,77119.0,85037.0,253.0,3543.0,13.0
160,160.0,Angola,328,,18.0,,107.0,,203.0,6.0,10.0,0.5,10000.0,304.0,32860881.0,100186.0,1825605.0,3286.0
161,161.0,Myanmar,313,+7,6.0,,240.0,+3,67.0,,6.0,0.1,81977.0,1507.0,54412560.0,173842.0,9068760.0,664.0
162,162.0,Comoros,309,,7.0,,241.0,,61.0,,355.0,8.0,,,869602.0,2814.0,124229.0,
163,163.0,Botswana,277,,1.0,,29.0,,247.0,1.0,118.0,0.4,45440.0,19323.0,2351656.0,8490.0,2351656.0,52.0
164,164.0,Guyana,256,,14.0,,117.0,,125.0,1.0,325.0,18.0,2711.0,3447.0,786584.0,3073.0,56185.0,290.0
165,165.0,Martinique,249,,14.0,,98.0,,137.0,5.0,664.0,37.0,,,375262.0,1507.0,26804.0,
166,166.0,Mongolia,220,,,,183.0,+4,37.0,6.0,67.0,,23991.0,7318.0,3278436.0,14902.0,,137.0
167,167.0,Eritrea,215,,,,56.0,,159.0,,61.0,,,,3546614.0,16496.0,,
168,168.0,Cayman Islands,201,,1.0,,194.0,,6.0,,3058.0,15.0,24321.0,370036.0,65726.0,327.0,65726.0,3.0
169,169.0,Burundi,191,,1.0,,118.0,,72.0,,16.0,0.08,749.0,63.0,11889174.0,62247.0,11889174.0,15873.0
170,170.0,Faeroe Islands,187,,,,187.0,,0.0,,3827.0,,15395.0,315052.0,48865.0,261.0,,3.0
171,171.0,Guadeloupe,184,,14.0,,157.0,,13.0,4.0,460.0,35.0,9649.0,24115.0,400125.0,2175.0,28580.0,41.0
172,172.0,Gibraltar,178,,,,176.0,,2.0,,5283.0,,14119.0,419073.0,33691.0,189.0,,2.0
173,173.0,Bermuda,146,,9.0,,137.0,,0.0,1.0,2344.0,145.0,11908.0,191216.0,62275.0,427.0,6919.0,5.0
174,174.0,Brunei,141,,3.0,,138.0,,0.0,,322.0,7.0,29841.0,68207.0,437505.0,3103.0,145835.0,15.0
175,175.0,Cambodia,141,,,,131.0,,10.0,1.0,8.0,,38335.0,2293.0,16719876.0,118581.0,,436.0
176,176.0,Trinidad and Tobago,130,,8.0,,115.0,,7.0,,93.0,6.0,5338.0,3814.0,1399530.0,10766.0,174941.0,262.0
177,177.0,Monaco,106,,4.0,,95.0,,7.0,,2701.0,102.0,16200.0,412802.0,39244.0,370.0,9811.0,2.0
178,178.0,Bahamas,104,,11.0,,89.0,,4.0,1.0,264.0,28.0,2436.0,6194.0,393267.0,3781.0,35752.0,161.0
179,179.0,Aruba,104,,3.0,,98.0,,3.0,,974.0,28.0,2504.0,23452.0,106770.0,1027.0,35590.0,43.0
180,180.0,Barbados,97,,7.0,,90.0,,0.0,,338.0,24.0,8001.0,27841.0,287379.0,2963.0,41054.0,36.0
181,181.0,Liechtenstein,83,,1.0,,81.0,,1.0,,2177.0,26.0,900.0,23604.0,38129.0,459.0,38129.0,42.0
182,182.0,Seychelles,81,,,,11.0,,70.0,,824.0,,,,98352.0,1214.0,,
183,183.0,Sint Maarten,78,+1,15.0,,63.0,+1,0.0,,1819.0,350.0,500.0,11661.0,42879.0,550.0,2859.0,86.0
184,184.0,Bhutan,78,+1,,,51.0,+1,27.0,,101.0,,25456.0,32989.0,771654.0,9893.0,,30.0
185,185.0,Antigua and Barbuda,68,,3.0,,23.0,,42.0,1.0,694.0,31.0,796.0,8128.0,97934.0,1440.0,32645.0,123.0
186,186.0,French Polynesia,62,,,,60.0,,2.0,,221.0,,4649.0,16549.0,280921.0,4531.0,,60.0
187,187.0,Gambia,55,,2.0,,27.0,,26.0,,23.0,0.8,3005.0,1244.0,2416422.0,43935.0,1208211.0,804.0
188,188.0,Macao,46,,,,45.0,,1.0,,71.0,,4071.0,6269.0,649371.0,14117.0,,160.0
189,189.0,Turks and Caicos,45,+1,2.0,,11.0,,32.0,,1162.0,52.0,690.0,17821.0,38719.0,860.0,19360.0,56.0
190,190.0,Saint Martin,43,,3.0,,37.0,,3.0,1.0,1112.0,78.0,851.0,22008.0,38667.0,899.0,12889.0,45.0
191,191.0,Lesotho,35,,,,11.0,,24.0,,16.0,,3000.0,1400.0,2142367.0,61210.0,,714.0
192,192.0,Belize,30,+2,2.0,,19.0,+1,9.0,,75.0,5.0,2358.0,5930.0,397640.0,13255.0,198820.0,169.0
193,193.0,St. Vincent Grenadines,29,,,,29.0,,0.0,,261.0,,844.0,7608.0,110943.0,3826.0,,131.0
194,194.0,Timor-Leste,24,,,,24.0,,0.0,,18.0,,1568.0,1189.0,1318476.0,54937.0,,841.0
195,195.0,Curaçao,23,,1.0,,19.0,,3.0,,140.0,6.0,1080.0,6581.0,164099.0,7135.0,164099.0,152.0
196,196.0,Grenada,23,,,,23.0,,0.0,,204.0,,5465.0,48566.0,112527.0,4892.0,,21.0
197,197.0,Saint Lucia,22,,,,19.0,,3.0,,120.0,,1815.0,9884.0,183634.0,8347.0,,101.0
198,198.0,New Caledonia,21,,,,21.0,,0.0,,74.0,,8610.0,30156.0,285515.0,13596.0,,33.0
199,199.0,Laos,19,,,,19.0,,0.0,,3.0,,17089.0,2349.0,7275939.0,382944.0,,426.0
200,200.0,Dominica,18,,,,18.0,,0.0,,250.0,,623.0,8654.0,71988.0,3999.0,,116.0
201,201.0,Fiji,18,,,,18.0,,0.0,,20.0,,4000.0,4462.0,896492.0,49805.0,,224.0
202,202.0,Saint Kitts and Nevis,15,,,,15.0,,0.0,,282.0,,480.0,9022.0,53202.0,3547.0,,111.0
203,203.0,Falkland Islands,13,,,,13.0,,0.0,,3736.0,,1197.0,343966.0,3480.0,268.0,,3.0
204,204.0,Greenland,13,,,,13.0,,0.0,,229.0,,3954.0,69648.0,56771.0,4367.0,,14.0
205,205.0,Vatican City,12,,,,12.0,,0.0,,14981.0,,,,801.0,67.0,,
206,206.0,Montserrat,11,,1.0,,10.0,,0.0,,2204.0,200.0,61.0,12220.0,4992.0,454.0,4992.0,82.0
207,207.0,Papua New Guinea,11,,,,8.0,,3.0,,1.0,,7147.0,799.0,8947241.0,813386.0,,1252.0
208,208.0,Western Sahara,10,,1.0,,8.0,,1.0,,17.0,2.0,,,597314.0,59731.0,597314.0,
209,209.0,MS Zaandam,9,,2.0,,,,7.0,,,,,,,,,
210,210.0,British Virgin Islands,8,,1.0,,7.0,,0.0,,265.0,33.0,439.0,14521.0,30233.0,3779.0,30233.0,69.0
211,211.0,Caribbean Netherlands,7,,,,7.0,,0.0,,267.0,,424.0,16168.0,26225.0,3746.0,,62.0
212,212.0,St. Barth,6,,,,6.0,,0.0,,607.0,,152.0,15389.0,9877.0,1646.0,,65.0
213,213.0,Anguilla,3,,,,3.0,,0.0,,200.0,,272.0,18128.0,15004.0,5001.0,,55.0
214,214.0,Saint Pierre Miquelon,1,,,,1.0,,0.0,,173.0,,,,5794.0,5794.0,,
215,215.0,China,83545,+3,4634.0,,78509.0,+10,402.0,5.0,58.0,3.0,90410000.0,62814.0,1439323776.0,17228.0,310601.0,16.0
216,,Total:,11283501,"+100,925",530918.0,"+2,509",6392037.0,"+99,514",4360546.0,58820.0,1447.6,68.1,,,,,,
